Percentage,Degree,EigenVector,Katz_0.1,Katz_0.00001
0,1.0,1.0000000000000002,1.0000000000000007,1.0
2,0.6127094343518035,0.683995940079603,0.8754422884001763,0.8747708399468369
4,0.5465165718857838,0.6168877759172947,0.8565084485991633,0.858327305366825
6,0.49871968252977983,0.6025995549697714,0.8101657253226991,0.8073788920705733
8,0.46969209533953055,0.5927547728145682,0.7943061173382304,0.793854893886995
10,0.46358963916177004,0.5890610207273201,0.7827812099127319,0.7860276424637311
12,0.39575535807284307,0.5881745249054569,0.7353862275389514,0.7333278118063449
14,0.37004469298600273,0.5878742660427355,0.604708404972529,0.606704442018829
16,0.35794161983886846,0.5864060721018753,0.60038869370413,0.6008475248468571
18,0.3481254207966531,0.5676313024685353,0.596071703498596,0.5978244861418326
