Percentage,Degree,EigenVector,Katz_0.1,Katz_0.00001
0,0.9999999999999997,1.0000000000000007,1.0000000000000002,0.9999999999999999
2,0.7073894980110274,0.727095939672008,0.9032651503956372,0.9055647675788915
4,0.6496058038118727,0.6437015568519833,0.8920783075492932,0.8932697469510749
6,0.6189979386234703,0.6228224081507041,0.8556961601739284,0.8562595870100718
8,0.5838959553980819,0.6082435406877498,0.8432229890093769,0.8432870901925201
10,0.5635321979033064,0.5967355863326494,0.8350737983719264,0.833660862664817
12,0.5567465557931174,0.5896285786959224,0.8013966137035526,0.8032320426530974
14,0.5460342273260422,0.5892885783782311,0.6969068476255575,0.6952392037690734
16,0.5375451785358292,0.5879817114664844,0.6841721947423677,0.6813714141266587
18,0.527983169328657,0.5737984312261227,0.6798971736773998,0.682444209556193
