Percentage,Degree,EigenVector,Katz_0.1,Katz_0.00001
0,0.9999999999999997,1.0000000000000007,1.0,0.9999999999999987
2,0.5857269825303139,0.6637350981093918,0.8449712468377312,0.8452639807525527
4,0.5134270302974469,0.6041318803414525,0.825093536743871,0.8265057728003533
6,0.4878337167887415,0.59174711357337,0.7667873680086562,0.7679152674097013
8,0.45540748068811565,0.5890758174318458,0.7505184021226748,0.7510823453193889
10,0.44604707537075317,0.5883485347214702,0.7433803081506624,0.7431189632110221
12,0.35108819851491235,0.5874056354727775,0.6772215838287075,0.6740470825278719
14,0.30056131600902236,0.5870231644184208,0.5624856246333543,0.5617629461227065
16,0.28341539198354476,0.5852563001394835,0.5630546371567255,0.5616068024922003
18,0.2846458303725533,0.5600133384557762,0.5589678434498387,0.5588891271578827
