Percentage,Degree,EigenVector,Katz_0.1,Katz_0.00001
0,1.0000000000000009,0.9999999999999987,1.0000000000000009,0.9999999999999992
2,0.6976814110846982,0.700804615063075,0.9155744014598823,0.917342004939814
4,0.6189135262352978,0.6205551721748135,0.8962580933383261,0.8944656023262323
6,0.5508223396716878,0.6067990888464275,0.859931927678457,0.8603510061693228
8,0.5108885739374569,0.5911344481680821,0.847906463723128,0.8467667325669307
10,0.4706048466790091,0.5887107704870956,0.836828240516993,0.8375728401763987
12,0.4518568099414178,0.5878047312161905,0.8092491152549323,0.8099078086718532
14,0.43451438422159433,0.587449621676794,0.6852036115616011,0.6880518974383651
16,0.4200170880509389,0.5858799590333534,0.6732446098621271,0.6694454168500089
18,0.401214150144045,0.5643549571900444,0.6630568482884492,0.6614410664410598
