Percentage,Degree,EigenVector,Katz_0.1,Katz_0.00001
0,1.0,1.0000000000000007,0.9999999999999994,0.9999999999999997
2,0.3690982076517819,0.5226595648117868,0.9432292154692689,0.9483997680238831
4,0.32504843871249683,0.4335246931906156,0.9149963660392388,0.9125670575403517
6,0.3069631979210854,0.3817542371218526,0.7434797580797713,0.7456391646500187
8,0.2929243937233573,0.34381729199579575,0.7432428401708568,0.7460175405329795
10,0.2832246199691321,0.324120939788431,0.74549269614282,0.7426047313329366
12,0.2708449985197838,0.31237831058132715,0.7108564368590762,0.7105777683639317
14,0.2628204166398111,0.3000968388360942,0.7093664921064426,0.7144682619383212
16,0.2532894379765133,0.2827033611545866,0.7083505895785503,0.7095761229377037
18,0.2420193006160181,0.28305591612227876,0.31083488323651803,0.3104068672277726
