Percentage,Degree,EigenVector,Katz_0.1,Katz_0.00001
0,1.0,0.9999999999999993,1.0,0.9999999999999986
2,0.559120356467641,0.5394902932121979,0.9615326790504104,0.9593249451793305
4,0.5191824978846933,0.5141096298150601,0.9361751899375313,0.9334877157355258
6,0.5154295658902792,0.5120845230832994,0.8259121264576433,0.8253809545537928
8,0.5146938307508382,0.5078669515455455,0.8230756398409058,0.8277380441943104
10,0.5106426915697518,0.5067695218884916,0.829182970300962,0.8224059074624621
12,0.5068178708567919,0.5086241484048979,0.8037120525549478,0.7919187027168663
14,0.5039077869348225,0.507279427300519,0.799887500431959,0.7969085285505568
16,0.5044201988072111,0.5098709967549222,0.7979712989391656,0.80012872944572
18,0.5092665357313881,0.5027749098118497,0.5106501525925445,0.5114638462311609
