Percentage,Degree,EigenVector,Katz_0.1,Katz_0.00001
0,0.9999999999999999,1.0000000000000004,1.0000000000000002,1.0000000000000002
2,0.26571451479646446,0.44751083590022706,0.9339976699305256,0.9334099208890856
4,0.23145177572123782,0.4079445721448201,0.8937528590595084,0.8953998996802734
6,0.20629248461050773,0.3580765718583034,0.7201805712829498,0.7219867182813863
8,0.2000750164249337,0.3261086132480446,0.7215324272668998,0.7229152824962627
10,0.18778334515319195,0.3202032329651313,0.7204691151755103,0.7211382457764405
12,0.17551108550992928,0.3121302263712272,0.6901880208947455,0.6881065114714575
14,0.1641332001386309,0.3004203895688369,0.6886162932533094,0.6910802177820365
16,0.16885015680175602,0.2797599805551094,0.6890909904814133,0.6860052167361148
18,0.16897112815814366,0.28178044666813246,0.31138524479824525,0.3098519063347378
