Percentage,Degree,EigenVector,Katz_0.1,Katz_0.00001
0,1.0000000000000007,1.0000000000000007,0.9999999999999997,0.9999999999999996
2,0.3829018750815651,0.4746710908846329,0.9468491437653695,0.9463523423929538
4,0.3476357798758819,0.42079695869554795,0.91478052513995,0.9170886846045735
6,0.3408022272737758,0.37845356442924954,0.7735569925296039,0.7719321535302851
8,0.32356773140404577,0.35197747616608216,0.7739626306067474,0.7709212179975078
10,0.32719903242173404,0.33129293670570187,0.7740499424246727,0.7750505234403323
12,0.32364698237106826,0.3273893800694321,0.7442819530746911,0.7439601121006755
14,0.31776239038532295,0.31706890586812886,0.7409886339297492,0.7384372662075688
16,0.3228913603033434,0.3139773618046156,0.7383657850758377,0.7465744763721939
18,0.31544749564658514,0.3134847043430103,0.3349579729899301,0.3347979529014115
