Percentage,Degree,EigenVector,Katz_0.00001
0,1.0,1.0,1.0
2,0.379751220126,0.64496849601,0.76017348583
4,0.206556397437,0.644965717492,0.558365037656
6,0.152973540645,0.490328800974,0.412524331842
8,0.136333175047,0.221064575246,0.31998933902
10,0.130196041456,0.150223945528,0.229790518699
12,0.12871949835,0.136751832563,0.177307555016
14,0.127600162758,0.139474426126,0.154553079314
16,0.129504198323,0.13505426038,0.133269082005
18,0.130457703932,0.134319437374,0.142313995065
