Percentage,Degree,EigenVector,Katz_0.00001
0,1.0,1.0,1.0
2,0.530959149568,0.644968496242,0.85962275405
4,0.507067737112,0.644968099038,0.747442995317
6,0.511914313334,0.53323501525,0.656935357317
8,0.510345010363,0.501974573611,0.612060647628
10,0.51211995844,0.494985620531,0.561069615813
12,0.501216225733,0.491448688417,0.515917361474
14,0.500533637808,0.50157795964,0.512016030943
16,0.500399876758,0.500617544823,0.500851657579
18,0.496166304192,0.500728749464,0.491549410253
