Percentage,Degree,EigenVector,Katz_0.00001
0,1.0,1.0,1.0
2,0.419320610705,0.644968496121,0.800460828066
4,0.312096606475,0.64496730508,0.64644141925
6,0.309077610167,0.507554972144,0.523786170792
8,0.303612326306,0.288776453513,0.444618028094
10,0.303790686041,0.301808360111,0.378813228124
12,0.306551786606,0.304392618855,0.327169422398
14,0.310703958594,0.297626810727,0.321991072945
16,0.304726101228,0.303641443777,0.304064907634
18,0.304718785292,0.296892329709,0.302137183654
