Percentage,Degree,EigenVector,Katz_0.1,Katz_0.00001
0,1.0,1.0,1.0,1.0
2,0.379404411063,0.644968496015,0.752806410256,0.751763908547
4,0.20620485828,0.644966114354,0.538938773383,0.542236309702
6,0.146625154883,0.48510886403,0.388392984846,0.384924607971
8,0.114523816832,0.215115045277,0.289699635702,0.287104757346
10,0.10232667761,0.149584751988,0.201488738492,0.204555833577
12,0.0998257013988,0.134870537294,0.15791152214,0.157872515687
14,0.108384659013,0.134836465718,0.131528076585,0.13000814264
16,0.0956121910978,0.134821692782,0.109318488698,0.113719585617
18,0.108604581428,0.130049120889,0.106728366443,0.104914559224
