Percentage,Degree,EigenVector,Katz_0.1,Katz_0.00001
0,0.9999999999999991,1.0,1.0000000000000004,1.0000000000000016
2,0.7180046480335696,0.6965823929726744,0.9685730030103705,0.9677672601566216
4,0.5913551827056168,0.598278407607419,0.9190174941550407,0.9186826387172711
6,0.535932342029095,0.556352245109399,0.898449632117742,0.8953881113874795
8,0.5001669676377382,0.5255009126516303,0.861387219068269,0.8651307736076193
10,0.4555042099340339,0.5043346059086475,0.800392899520813,0.7993901502302349
12,0.4273105055843355,0.46522228309089714,0.7869975685595252,0.7803922696631217
14,0.42013168312413046,0.45008824850964835,0.6784660079973092,0.6727562344616582
16,0.4037219192856749,0.43252691223834616,0.6604852887596945,0.6610195223327953
18,0.3949509646862854,0.41989250818905055,0.6475039530467807,0.6459472221628569
