Percentage,Degree,EigenVector,Katz_0.1,Katz_0.00001
0,1.0000000000000002,1.0,0.9999999999999992,0.9999999999999999
2,0.8112468424244468,0.7746051213677392,0.9777857831145996,0.9767864720364295
4,0.7090770893300948,0.6976826066999539,0.9399277050137651,0.9391193714083323
6,0.6569999022734424,0.656053678239356,0.9226776039147085,0.9234174125938278
8,0.6357462313492919,0.624794452852139,0.8981646231013362,0.9009708040176191
10,0.6121251235654167,0.6002352056112884,0.8567028326949738,0.8521354527703349
12,0.5962311962936347,0.5870898946089725,0.8416124858194485,0.8382485478648137
14,0.5877850875671917,0.5784497644506642,0.7683999059970302,0.7609254000730944
16,0.5743340338402908,0.5607614948361335,0.749543392309912,0.7550615602792223
18,0.5733278990965569,0.5514776528117654,0.7507395229001387,0.7523687591408098
