Percentage,Degree,EigenVector,Katz_0.1,Katz_0.00001
0,1.0000000000000004,1.0,1.0000000000000004,1.0000000000000002
2,0.6406267764704231,0.6144210818217029,0.9588088797459489,0.9594312902604838
4,0.47027833800279945,0.5354565569628847,0.8952945639196694,0.8958108047901677
6,0.3978402464164544,0.5116242343921289,0.865183823038791,0.8670585597489537
8,0.34014071422085557,0.4997160602161342,0.8290870849296051,0.8282581166614462
10,0.3075606609160387,0.4687942673658695,0.7474999085741044,0.7491477043512798
12,0.2821962009870886,0.42292994988620736,0.7231979060441033,0.7229388607260752
14,0.2617375718255309,0.40444702489628614,0.5772194228612112,0.5814466840424599
16,0.2534504054004925,0.3838892973607841,0.5618715022736119,0.567185954564647
18,0.23621342449157898,0.37406603172436864,0.5605007918429459,0.5589678300891383
