Percentage,Degree,EigenVector,Katz_0.1,Katz_0.00001
0,0.9999999999999997,0.9999999999999996,0.9999999999999996,0.9999999999999983
2,0.7048715728169309,0.6845333604798722,0.9390597918765166,0.9400132203393727
4,0.5797318084514269,0.6254267460567151,0.9194516358272224,0.9195552151619003
6,0.5166191497764496,0.6174621662454859,0.8769602566938738,0.8765294734848724
8,0.46979415965870974,0.584238447298345,0.8060806595165414,0.8042389213043198
10,0.44015513162879927,0.5713048063551128,0.7325184792269275,0.7210694555391357
12,0.41887719521883565,0.5672736988727394,0.6918424649728305,0.6905621732485278
14,0.40711855166850736,0.5679949434077003,0.67607072240531,0.6802616546410097
16,0.3904207206722704,0.5571715466907824,0.6386974138797648,0.6335943643617916
18,0.39113659216804986,0.5370410947331998,0.6349639073902696,0.6298534360287861
