Percentage,Degree,EigenVector,Katz_0.1,Katz_0.00001
0,1.0000000000000013,0.9999999999999996,0.9999999999999996,1.0000000000000009
2,0.7962441759556353,0.7462458707115813,0.9488724830632738,0.9504546557682194
4,0.6407205482879144,0.6486450781336598,0.9248576830462936,0.9273629837043429
6,0.5845419327831498,0.6208172264260494,0.8834999588830804,0.8833682263245036
8,0.5375002384118995,0.5898403817629372,0.8167961155049603,0.8195665367311485
10,0.514438241186077,0.5760080116409031,0.7940956700906154,0.7955928192833894
12,0.4861917969177139,0.5701593162930582,0.7530383055432707,0.7580012563546616
14,0.46402448224369724,0.5675628125323371,0.7405283233957183,0.7415300501209118
16,0.4465355193706171,0.5529917452976338,0.6944740423841562,0.6931736010053707
18,0.4316540657665667,0.5319505840358794,0.6908117773782885,0.6909039489231553
