Percentage,Degree,EigenVector,Katz_0.1,Katz_0.00001
0,1.0000000000000002,0.9999999999999997,1.0000000000000004,1.0
2,0.8270984147859938,0.7806718496608772,0.9683361455725864,0.9688541658598607
4,0.6913740906984577,0.6652096459031924,0.9238492638399343,0.9250326790874304
6,0.6126412133008173,0.5977113040791707,0.9012981375233026,0.9019137160301613
8,0.5741782287383387,0.5567086524199246,0.8708873598787766,0.869124698258261
10,0.5271005181215004,0.5214522695451231,0.8118495874873269,0.8118033561823489
12,0.5040573664881552,0.48849352765646964,0.787784421914122,0.7894085674487314
14,0.4896794591981196,0.4667842821355197,0.7509336539330718,0.7484853633460794
16,0.4673652575412792,0.4400490885041423,0.7356909624359882,0.732354544643601
18,0.45008471966918845,0.424777805702574,0.7227008211156564,0.7220242080967959
