Percentage,Degree,EigenVector,Katz_0.1,Katz_0.00001
0,0.9999999999999999,1.0,1.0000000000000002,1.0000000000000009
2,0.6131162705851262,0.6454313082239198,0.9244715600503647,0.9251011326096727
4,0.5513009870323797,0.615328828469149,0.898317529044004,0.8975972609551005
6,0.4693790930760672,0.6118995351482679,0.8465345023387346,0.8466391067371604
8,0.4179273827711172,0.5744761870993593,0.7576474487069845,0.7571082108984357
10,0.34795526836346913,0.5595346349973294,0.661008990489429,0.6633560312191551
12,0.3278191281459271,0.5567677169921446,0.6165370471850606,0.6108589069725582
14,0.32700828205476057,0.5552261987955275,0.5973929217310815,0.6008235368158635
16,0.3207029681304656,0.5425538627878858,0.551424662109152,0.5478914629976552
18,0.32048664997529136,0.5252331214915518,0.5419496308352293,0.5376572987674366
