Percentage,Degree,EigenVector,Katz_0.1,Katz_0.00001
0,1.000000000000001,1.0000000000000004,1.0000000000000013,0.9999999999999994
2,0.7936098366347601,0.752828009027296,0.9562103983776533,0.9557054221891028
4,0.6867179159376876,0.6773378467496397,0.9423294712472005,0.9395251711707353
6,0.640214020187026,0.6519492327292753,0.9112113169390368,0.9105373899115224
8,0.6135757656047884,0.6206725517772379,0.8563564312969062,0.8570738908558274
10,0.594290730630558,0.6054860325365385,0.8029066409380056,0.8053024609856461
12,0.5760321233286452,0.5998475235142502,0.7787490529389663,0.7805715362227078
14,0.5699403536771038,0.5915702732860376,0.765583807358204,0.7690972133690984
16,0.5615924076847958,0.584684423879525,0.7367560251476007,0.7318934805816258
18,0.5491295933083752,0.572134434570009,0.7312386230386906,0.7228581482796066
