Percentage,Degree,EigenVector,Katz_0.1,Katz_0.00001
0,1.0000000000000013,1.0000000000000004,1.0000000000000007,1.0000000000000004
2,0.7887729434534236,0.7285402954661542,1.0000000000000007,1.0000000000000002
4,0.752277609902386,0.6861171781814137,1.0000000000000009,1.0000000000000002
6,0.7197387741004112,0.6614077786236894,0.9999999850119771,0.9999999852900833
8,0.6834470043707911,0.6481499495697384,0.999931335425562,0.9999293982922776
10,0.6937668157476921,0.6504290524331057,0.9994720284954128,0.9994826583971159
12,0.6754061891956175,0.6471122124622225,0.9994619631805196,0.9995027006837317
14,0.6708425933666143,0.6295273590034433,0.9994659327374146,0.9995173750608353
16,0.675420296757753,0.6189505431795015,0.9994769237434503,0.9995237349902932
18,0.6694493541598011,0.6211008916136685,0.9995297536999184,0.9994771940298343
