Percentage,Degree,EigenVector,Katz_0.1,Katz_0.00001
0,1.0000000000000002,1.0000000000000009,1.0000000000000002,0.9999999999999999
2,0.7109344664952383,0.7230639487734574,1.0,0.9999999999999998
4,0.6745864771234414,0.6781495778004656,0.9999999999999998,0.9999999999999999
6,0.6391936694199393,0.632418885242841,0.9999999808218814,0.9999999802999477
8,0.6146096085478239,0.629823837380933,0.9999109756692709,0.9999068882520071
10,0.605312104756812,0.6302068905423422,0.9992676771489463,0.9992292102094626
12,0.5821123712059967,0.6131896249142301,0.9992337265350358,0.9992237818590101
14,0.579871451781218,0.5902820828828788,0.9992547887192186,0.9992123833331784
16,0.5821261242637994,0.5907346823110182,0.999307051954718,0.9992547781943636
18,0.5551299815203136,0.5692703479095322,0.9991930107697488,0.999199625124479
