Percentage,Degree,EigenVector,Katz_0.1,Katz_0.00001
0,0.9999999999999997,1.0000000000000007,1.0000000000000002,0.9999999999999996
2,0.8004791171259474,0.7451805372465476,1.0000000000000002,0.9999999999999997
4,0.782743218684037,0.6801603371740439,1.0,0.9999999999999994
6,0.7469438904885529,0.6402432348927022,0.9999999802669797,0.999999979774121
8,0.6796921868342289,0.6373781428239425,0.9998916941085638,0.9998846957385897
10,0.6875660194158162,0.6407596982054183,0.9991405794184942,0.9991068840482994
12,0.6549902039206322,0.6236838637705328,0.9991534755850568,0.9991227119173582
14,0.652044464085698,0.6166495621233967,0.9991557990470629,0.9990664123046581
16,0.6619923163870453,0.6105450569455753,0.9991333513766674,0.9991576838850997
18,0.6464691775778283,0.6057827046690079,0.9991002411959621,0.9991510243007825
