Percentage,Degree,EigenVector,Katz_0.1,Katz_0.00001
0,1.0000000000000009,1.0000000000000009,0.9999999999999988,1.0000000000000007
2,0.6412534279672637,0.716170992825884,0.9999999999999988,1.0000000000000007
4,0.5846769938805303,0.6780593574387984,0.9999999999999987,1.0000000000000007
6,0.5599459085734384,0.6287596151739288,0.9999999760908146,0.9999999763648499
8,0.5124263343579747,0.628619531089537,0.9998829721916636,0.9998874540791981
10,0.501992111237912,0.628619531567449,0.9990711389042886,0.9990413360914175
12,0.48620078902043773,0.6125757418763231,0.9990946609944668,0.9990286363946157
14,0.4417157283259899,0.5885865722202903,0.9990292449096846,0.9990903652432933
16,0.3897274083859315,0.5872001002031023,0.9991054110496796,0.9990023509594779
18,0.33347310445633505,0.5623650740287556,0.9990062232275349,0.9990415599301321
