Percentage,Degree,EigenVector,Katz_0.1,Katz_0.00001
0,1.0,1.0,1.0,1.0
2,1.0,1.0,1.0,1.0
4,0.905190065265,0.905190065265,0.91547573831,0.91547573831
6,0.730812822384,0.687218511664,0.896657143588,0.900420862532
8,0.732869956993,0.732869956993,0.905759522118,0.896657143588
10,0.640735259202,0.686659635989,0.873656535505,0.877947188836
12,0.512414947154,0.578988176664,0.865576718026,0.863575466956
14,0.546910140541,0.608987251717,0.863575466956,0.866638395009
16,0.439209977107,0.502447855265,0.860345497393,0.880427932676
18,0.446077085156,0.445920949064,0.863575466956,0.879928313461
