Percentage,Degree,EigenVector,Katz_0.1,Katz_0.00001
0,1.0,1.0,1.0,1.0
2,1.0,1.0,1.0,1.0
4,1.0,1.0,1.0,1.0
6,1.0,1.0,0.942169036236,0.988433807247
8,0.983095147662,1.0,0.965301421742,0.979331428718
10,0.985564197487,0.943443606426,0.926225213125,0.935235157572
12,0.945479254426,0.931043451913,0.955054448614,0.911088045226
14,0.880939035018,0.932990730767,0.929739878489,0.930518728558
16,0.928260861125,0.939163352112,0.909385503296,0.95931161386
18,0.94813120333,0.785643468564,0.91456016082,0.926768526702
