Percentage,Degree,EigenVector,Katz_0.1,Katz_0.00001
0,1.0,1.0,1.0,1.0
2,1.0,1.0,1.0,1.0
4,0.905190065265,0.905190065265,0.932380590648,0.949285442986
6,0.83902056538,0.945171173768,0.918625619592,0.923964279177
8,0.841077699989,0.749774809331,0.905759522118,0.921089433815
10,0.837946500039,0.622509615606,0.869495174931,0.88171090778
12,0.73313182548,0.663974035113,0.886298420839,0.894324167493
14,0.850661121274,0.660878620346,0.881638190161,0.893785099037
16,0.697312626849,0.677572954439,0.86655427027,0.899146749061
18,0.691008878865,0.667518595905,0.878629806897,0.85939712637
