Percentage,Degree,EigenVector,Katz_0.1,Katz_0.00001
0,1.0,1.0,1.0,1.0
2,1.0,1.0,1.0,1.0
4,0.962076026106,1.0,0.966190295324,0.949285442986
6,0.930323456039,0.930323456039,0.947096664682,0.907948300421
8,0.930323456039,0.899519728439,0.914861900647,0.924853152759
10,0.878817778676,0.81811129958,0.883498722249,0.897733775464
12,0.736101235659,0.83631137745,0.915569941175,0.942631331172
14,0.7954484868,0.767678351014,0.914160286082,0.877387221055
16,0.878028758875,0.652023887237,0.878226662877,0.879379935236
18,0.739225839253,0.664610683017,0.876175400475,0.905024219587
